ProductName,ProductStock,ProductBasePrice,ProductSalePrice,ProductCategory,ProductImgURL,ProductShortDescription
"ASUS UX5400ZB-I716512G0W Zenbook 14X OLED Intel Core i7-1260P 4.70GHz 12-Core 14"" 2.8K (2880x1800) Touch 90Hz OLED Glossy Display 16GB (On-Board) LPDDR5 NVIDIA GeForce MX550 2GB GDDR6 512GB M.2 NVMe SSD Windows 11 Home Pine Grey Notebook",In stock with Supplier,"R33,349.00","R31,999.00",Notebooks,https://www.wootware.co.za/media/catalog/product/cache/1/image/512x512/9df78eab33525d08d6e5fb8d27136e95/a/s/asus-ux5400-zenbook-14x_1__1.jpg,"- Intel Core i7-1260P 2.10GHz Processor (18MB SmartCache)

- Up to 4.70GHz Boost Clock

- 4 Performance Cores, 8 Efficiency Cores

- 12 Cores, 16 Threads

- 14"" 2.8K (2880x1800) Touch 90Hz OLED Glossy Display

- NVIDIA GeForce MX550 2GB GDDR6 Graphics

- 16GB (On-Board) LPDDR5

- 1x 512GB M.2 2280 PCIe 4.0 x4 NVMe SSD

- 2x Thunderbolt 4.0 USB Type-C Ports

- 1x USB 3.2 Gen 2 10Gbps Type-A

- 1x MicroSD Card Reader

- 1x HDMI 2.1, 1x 3.5mm Combination Audio Jack

- WiFi 6 802.11ax 2x2 MIMO Dual-Band, Bluetooth 5.0

- Colour: Pine Grey

- Windows 11 Home 64-bit

- English International Backlit Chiclet Keyboard

- ASUS ScreenPad 2.0 Secondary Display

- Includes ASUS Notebook Sleeve & USB Type-A RJ-45 Adapter

- 1 Year Carry-In Warranty"
Sabrent SB-RKTG-1TB Rocket 4 Plus G 1TB M.2 2280 PCIe 4.0 x4 NVMe SSD,In stock with Wootware,"R3,999.00","R3,499.00",SSDs,https://www.wootware.co.za/media/catalog/product/cache/1/image/512x512/9df78eab33525d08d6e5fb8d27136e95/s/b/sb-rktg-1tb.jpg,"- 1TB NVMe Solid State Drive

- M.2 2280 Form Factor

- Micron 3D TLC NAND Technology

- Phison PCIe Gen 4 Controller

- PCIe Gen4 x4 Interface

- Sequential Read Speed: Up to 7.3GB/s

- Sequential Write Speed: Up to 6.0GB/s

- Microsoft Windows Direct Storage Ready

- Designed for Gaming

- Sabrent O₂ GO Firmware

- 5 Year Warranty or 700TBW (Free and Fast Online Registration Required)"
Phanteks PH-EC360ATG_DBK02 ECLIPSE G360A Black Tempered Glass Steel E-ATX Mid Tower Desktop Chassis,In stock with Wootware,"R2,299.00","R1,829.00",Chassis,https://www.wootware.co.za/media/catalog/product/cache/1/image/512x512/9df78eab33525d08d6e5fb8d27136e95/g/3/g360a_black_01-uq7dhohs.jpg,"- High Airflow Design

- Steel Chassis

- Tempered Glass Side Panels

- Mid Tower Form Factor

- Colour: Black

- Supports E-ATX, ATX, Micro-ATX, Mini-ITX Motherboards

- 2x 3.5"", 3x 2.5"" Drive Bays Supported

- 2x USB 3.0 Type-A

- D-RGB Mode Button, D-RGB Colour Button

- Power Button

- Audio Combo Jack

- Radiator Maximum Supported Length: Up To 360mm (Front, Top)

- CPU Cooler Clearance: 162mm

- Maximum GPU Length: 400mm

- Ultra-fine Performance Mesh

- Integrated & Expandable D-RGB Lighting

- 3x 120mm D-RGB PWM Fans Included

- 2x 3.5"" HDD Brackets Included

- 2x 2.5"" SSD Brackets Included

- 5 Year Warranty"
"Dell S3422DWG 34"" UWQHD (3440x1440) 144Hz 2ms VA AMD FreeSync Premium Pro VESA Display HDR 400 1800R Curved Gaming Desktop Monitor",In stock with Wootware,"R10,999.00","R9,199.00",Monitors,https://www.wootware.co.za/media/catalog/product/cache/1/image/512x512/9df78eab33525d08d6e5fb8d27136e95/d/e/dell_s3422dwg_01-1zrqzcgs.jpg,"- 34"" VA (Vertical Alignment) Panel

- 2x HDMI, 1x DisplayPort v1.4

- UWQHD(3440x1440) Resolution

- 144Hz Refresh Rate

- 3000:1 Contrast Ratio

- Brightness: 400cd/m²

- VESA DisplayHDR 400

- AMD FreeSync Premium Pro

- 178°/178° Viewing Angles

- 90% DCI-P3, 99% sRGB Colour Coverage

- Tilt & Height Adjustment

- 2ms (GtG) Response Time

- 3 Year Warranty"
Super Flower SF-1200F14MP Leadex 1200W 80 Plus Platinum Certified Fully Modular Black Desktop Power Supply,In stock with Wootware,"R4,099.00","R3,299.00",PSUs,https://www.wootware.co.za/media/catalog/product/cache/1/image/512x512/9df78eab33525d08d6e5fb8d27136e95/w/o/wo_sf-1200f14mp_bk_.jpg,"- 1200W

- 100% Fully Modular cabling designed for easy cable management

- 80 PLUS Platinum Certified , 91.07%, 92.44% and 90.47% Efficiency At 20%, 50% and 100% Rated Load respectively.

- To view the 80+ Certification information, please see: SF-1200F14MP

- Supports All Intel/AMD Multi-Core CPUs & ATX/BTX Compatible Motherboards

- Support NVIDIA SLI & ATI CrossFireX High Performance Graphics Cards

- Unleaded Green Materials with RoHS/WEEE Compliance

- Haswell Extreme Low Power States Supported

- 5 Year Manufacturer Warranty

- From the award winning Leadex Platinum series

- South African 3-prong power-cable included

- Editor's Choice Award (9.6/10 Rating) From TechPowerUp: Read the full review here"
Super Flower SF-850F14MP Leadex 850W 80 Plus Platinum Certified Fully Modular Black Desktop Power Supply,In stock with Wootware,"R3,129.00","R2,199.00",Other,https://www.wootware.co.za/media/catalog/product/cache/1/image/512x512/9df78eab33525d08d6e5fb8d27136e95/8/5/850w-platinum-image-1.jpg,"- 850W

- 100% Fully Modular Cabling Design For Easy Cable Management

- 80 PLUS Platinum Certified 90% 92% 89% Efficiency At 20% 50% 100% Rated Load

- Complies with ATX 12V. V2.2, EPS 12V. V2.91 & SSI EPS 12V. V2.92 Specification

- Supports All Intel/AMD Multi-Core CPU & ATX/BTX Compatible Motherboards

- .Supports NVIDIA SLI & AMD CrossFireX High Performance Graphic Cards

- Unleaded Green Materials with RoHS/WEEE Compliance

- Haswell Extreme Low Power States Supported

- 5 Year Manufacturers Warranty

- From the award winning Leadex Platinum series

- South African 3-prong power-cable included"
G.Skill F4-3200C16D-32GVK Ripjaws V 32GB (2x16GB) DDR4-3200MHz CL16 1.35V Black Desktop Memory,In stock with Wootware,"R1,829.00","R1,699.00",Memory,https://www.wootware.co.za/media/catalog/product/cache/1/image/512x512/9df78eab33525d08d6e5fb8d27136e95/9/8/9804909_2.png,"- 32GB (2x16GB)

- DDR4-3200MHz

- 1.35V

- CL16

- 288-pin DIMM

- Intel eXtreme Memory Profile 2.0 

- Dual Channel Kit 

- Compatible with Intel Z370, Z270 and X299.

- Compatible with AMD X570 and X470.

- Limited Lifetime Warranty

View the Qualified Vendors List for this product Here"
Mushkin MKNSSDTS256GB-D8 Tempest 256GB PCIe 3.0 x4 NVMe M.2 2280 Solid State Drive,In stock with Wootware,R739.00,R429.00,SSDs,https://www.wootware.co.za/media/catalog/product/cache/1/image/512x512/9df78eab33525d08d6e5fb8d27136e95/t/e/tempest_256gb_mknssdts256gb_d8_f-ikasougs.jpg,"- 256GB Storage Capacity

- M.2 (2280) Form Factor

- PCIe NVMe Interface

- Sequential Read Speed: Up to 3,100 MB/s

- Sequential Write Speed: Up to 1,400 MB/s

- Mushkin Enhanced Data Protection Suite

- MTBF: Up to 1.5M Hours

- 3 Year Limited Warranty Or 125TBW"
"ASUS B5402CEA-I58512B0X ExpertBook B5 Intel Core i5-1155G7 4.50 GHz 4-Core 14"" Full HD(1920x1080) Anti Glare 8GB DDR4(Onboard) 512GB PCIe NVMe M.2 SSD Windows 11 Pro 64-Bit  Star Black Laptop",In stock with Supplier,"R20,363.00","R19,563.00",Notebooks,https://www.wootware.co.za/media/catalog/product/cache/1/image/512x512/9df78eab33525d08d6e5fb8d27136e95/1/-/1-5yfrvhhs.jpg,"- Intel Core i7-1155G7 4.50GHz (8MB SmartCache)

- Up to 4.50GHz Turbo Clock

- 4 Cores, 8 Threads

- 14.0"" Full HD (1920x1080) 400 Nits LCD Display

- Intel UHD Graphics

- 8GB (8GB Onboard) DDR4 Memory

- 1x 512GB PCIe 3.0 x2 NVMe M.2 SSD

- 1x USB 2.0 Type-A, 2x USB 3.2 Gen2 Type-A, 2x Thunderbolt 4

- Ultra-High Speed SSD

- 720p HD IR Webcam w/ Privacy Cover

- Gigabit (10/100/1000) LAN Port

- Intel Wi-Fi 6 (802.11ax) Dual Band Wireless

- Windows 11 Pro 64-bit

- Colour: Star Black

- 1 Year Warranty"
WD Green WDS240G2G0C SN350 240GB TLC M.2 2280 PCIe 3.0 NVMe Solid State Drive,In stock with Supplier,R601.00,R479.00,SSDs,https://www.wootware.co.za/media/catalog/product/cache/1/image/512x512/9df78eab33525d08d6e5fb8d27136e95/w/d/wd-green-sn350-nvme-ssd-240gb_1_.jpg,"- 240GB Solid State Drive

- Form Factor: M.2 2280

- Interface: PCIe 3.0 NVMe

- Sequential Read Speed: Up to 2400MB/s

- Sequential Write Speed: Up to 900MB/s

- Endurance Rating: 40TBW

- MTTF: Up to 1M Hours

- Western Digital Dashboard Software

- 3 Year Warranty"
AMD 100-100000263BOX Ryzen 7 5700G 8-Core 3.8GHz (4.6GHz Boost) Socket AM4 Desktop APU,In stock with Wootware,"R6,949.00","R4,249.00",CPUs,https://www.wootware.co.za/media/catalog/product/cache/1/image/512x512/9df78eab33525d08d6e5fb8d27136e95/a/m/amd-ryzen-7-5000g-series-01.jpg,"- 3.8GHz Base Clock

- 4.6GHz Boost Clock

- 8 Cores, 16 Threads

- AMD 7nm Zen 3 Architecture

- Supports DDR4-3200MHz

- 20MB Total Cache

- Includes AMD Wraith Stealth Cooler

- Integrated AMD Radeon RX Vega 8 Graphics

- 65W TDP

- 3 Year Warranty"
G.Skill F4-3000C16D-16GISB Aegis 16GB (2x8GB) DDR4-3000MHz CL16 1.35V Black Desktop Memory,In stock with Wootware,R899.00,R829.00,Memory,https://www.wootware.co.za/media/catalog/product/cache/1/image/512x512/9df78eab33525d08d6e5fb8d27136e95/g/_/g.skill-f4-3000c16d-16gisb-01.jpg,"- 16GB (2x8GB)

- DDR4-3000MHz

- 1.35V

- CL16

- 288-pin DIMM

- Intel eXtreme Memory Profile 2.0 

- Dual Channel Kit

- Compatible with Intel Z370, Z270, X299 and more.

- Compatible with AMD X570 (Ryzen 3000 series CPUs).

- Limited Lifetime Warranty

View the Qualified Vendors List for this product Here"
"ASUS VG27AQZ TUF Gaming 27"" WQHD (2560x1440) 165Hz 1ms IPS HDR10 Gaming Desktop Monitor",In stock with Supplier,"R9,099.00","R8,999.00",Monitors,https://www.wootware.co.za/media/catalog/product/cache/1/image/512x512/9df78eab33525d08d6e5fb8d27136e95/a/s/asus_vg27aqz_01-rmccynhs.jpg,"- 27"" IPS (In-Plane Switching) Panel

- 1x DisplayPort 1.2, 2x HDMI v2.0

- WQHD 2560x1440 Resolution

- 165Hz Refresh Rate (Over DisplayPort)

- 1000:1 Contrast Ratio

- Brightness: 350cd/m²

- HDR10 Support

- G-SYNC Compatible VRR Technology

- 16.7 Million Colours

- Pivot, Tilt, Swivel & Height Adjustment

- 1ms (MPRT) Response Time

- 3 Year Warranty"
ID-Cooling ZoomFlow 360 XT Snow 360mm ARGB White Liquid CPU Cooler,In stock with Wootware,"R1,879.00","R1,499.00",CPU Coolers,https://www.wootware.co.za/media/catalog/product/cache/1/image/512x512/9df78eab33525d08d6e5fb8d27136e95/2/0/20210130220702_81421-fdonyqhs.jpg,"- ZoomFlow 360 XT Snow Series

- Triple 120mm ARGB White PWM Fans

- 360mm Radiator

- Copper Cold Plate

- Aluminium Radiator

- High Density Radiator Fin Design

- Immersive Pump Head ARGB Lighting

- Premium Sleeved Tubing

- Water Flow Rate: 116L/Hour

- ARGB Controller Included

- Intel: LGA 2066, 2011, 1700, 1200, 1151, 1150, 1155, 1156

- AMD: AM5, AM4

- 3 Year Warranty"
Samsung MZ-V9P1T0BW 990 PRO 1TB NVMe M.2 2280 PCI-Express 4.0 x4 Solid State Drive,In stock with Wootware,"R4,299.00","R3,449.00",SSDs,https://www.wootware.co.za/media/catalog/product/cache/1/image/512x512/9df78eab33525d08d6e5fb8d27136e95/m/z/mz_v9p1t0bw_01-7rgdoths.jpg,"- 1TB Storage Capacity

- M.2 2280 Form Factor

- Interface: PCI-Express Gen 4.0 x4 NVMe 2.0

- Up to 7,450MB/s Sequential Read Speed

- Up to 6,900MB/s Sequential Write Speed

- 4KB QD32 Random Read: Up to 1,200,000 IOPS

- 4KB QD32 Random Write: Up to 1,550,000 IOPS

- Samsung Magician Management Software

- Samsung Pascal Controller

- Samsung 1GB Low Power DDR4 SDRAM

- Flash Memory: Samsung V-NAND 3-bit MLC

- Up to 1.5 Million Hours Reliability (MTBF)

- 5 Year Limited Warranty or 600 TBW



""Exceptionally Powerful"" - Read the Tom's Hardware 990 Pro Review Here."
"ASUS 90NR0724-M00DY0 TUF Gaming F15 Intel Core i5-11400H 4.50GHz 6-Core 15.6"" Full HD (1920x1080) 144Hz IPS Anti-Glare 8GB (1x8GB) DDR4-3200MT/s NVIDIA GeForce RTX 3050 4GB GDDR6 512GB M.2 NVMe SSD Windows 11 Home Graphite Black Notebook",In stock with Wootware,"R24,231.00","R14,999.00",Notebooks,https://www.wootware.co.za/media/catalog/product/cache/1/image/512x512/9df78eab33525d08d6e5fb8d27136e95/a/s/asus_fx506lh-i516512b0w_1__1.jpg,"- Intel Core i5-11400H 2.70GHz Processor (12MB Smart Cache)

- Up to 4.50GHz Boost Clock

- 6 Cores, 12 Threads

- Intel UHD Graphics

- 15.6"" Full HD (1920x1200) 144Hz IPS Anti-Glare Display

- Internal Display Supports NVIDIA G-Sync (VESA Adaptive Sync)

- 8GB (1x8GB SO-DIMM) DDR4-3200MT/s Memory

- NVIDIA GeForce RTX 3050 4GB GDDR6 Graphics

- NVIDIA Studio & GeForce Drivers

- NVIDIA DLSS 2.0

- Real-Time Ray Tracing Technology

- 512GB M.2 2280 PCIe 3.0 x4 NVMe SSD

- 1x Thunderbolt 4.0 USB Type-C Port with DisplayPort Alt Mode

- 3x USB 5Gb/s Type-A Ports

- 1x HDMI 2.0b Port, 1x 3.5mm Combination Audio Jack

- Gigabit Ethernet RJ-45 LAN

- WiFi 6 2x2 MIMO Dual-Band Adapter, Bluetooth 5.2

- 720P HD Webcam with Dual Array Microphones

- 48Whr Integrated 3-Cell Li-Ion Battery

- LED Backlit RGB Chiclet Keyboard

- ASUS Armoury Crate

- Colour: Graphite Black

- Windows 11 Home 64-bit

- 1 Year Warranty"
"ASUS UX582ZM-I93210BL0X Zenbook Pro Duo 15 OLED Intel Core i9-12900H 5.0GHz 14-Core 15.6"" 4K UHD(3840x2160) OLED Touch Screen 32GB (On-Board) LPDDR5 1TB PCIe 4.0 NVMe M.2 SSD NVIDIA GeForce RTX 3060 6GB GDDR6 Windows 11 Pro Celestial Blue Gaming Laptop",In stock with Supplier,"R52,661.00","R51,691.00",Notebooks,https://www.wootware.co.za/media/catalog/product/cache/1/image/512x512/9df78eab33525d08d6e5fb8d27136e95/z/e/zenbook_pro_duo_15_oled_01-bp7mvxgs.jpg,"- Intel Core i9-12900H 14-Core (24MB Smart Cache)

- Up to 5.0GHz Boost Clock

- 14 Cores, 20 Threads

- 15.6"" 4K UHD(3840x2160) OLED Touch Screen Display

- VESA Certified Display HDR True Black 500

- 14"" 3840x1100 IPS-Level ScreenPad Plus

- NVIDIA GeForce RTX 3060 6GB GDDR6 Graphics

- 32GB (On-Board) LPDDR5 Memory

- 1TB PCIe 4.0 NVMe M.2 SSD

- 1x USB 3.2 Gen 2 Type-A

- 2x Thunderbolt 3 Supports Display, 1x HDMI 2.1

- 802.11ax 2x2 Dual-Band WiFi 6 Adapter

- Bluetooth v5.0

- 720P Windows Hello Compatible Webcam

- Asus Active Aerodynamic System Plus Cooling System

- Harman Kardon certified Sound System

- 92WHr 8-cell Li-ion battery

- Windows 11 Pro 64-bit

- 2 Year Warranty"
Fractal Design FD-CA-CORE-1100-BL Core 1100 Black Micro-ATX Mid Tower Desktop Chassis,In stock with Wootware,R959.00,R759.00,Chassis,https://www.wootware.co.za/media/catalog/product/cache/1/image/512x512/9df78eab33525d08d6e5fb8d27136e95/c/2/c2za5l6teqxbrzh28s728g-3d-3d.jpg,"- Colour: Black

- Supports m-ATX, Mini-ITX

- 2x 5.25"", 2x 3.5"" or 3x 2.5"" or 1x 2.5"" or 1x 3.5"" Drive Bays

- 1x USB 3.0, 1x USB 2.0, 2x 3.5mm Audio Jacks

- CPU Cooler Clearance: Up to 148mm

- VGA Clearance: Up to 350mm

- 2 Year Warranty"
Fractal Design FD-C-MEL2C-03 Meshify 2 Compact Lite Light Tempered Glass Black Steel ATX Mid Tower Desktop Chassis,Stock Coming Soon,"R2,329.00","R1,849.00",Chassis,https://www.wootware.co.za/media/catalog/product/cache/1/image/512x512/9df78eab33525d08d6e5fb8d27136e95/m/e/meshify_2_compact_lite_black_tgl_1_left_front-fhbcrnhs.jpg,"- Iconic Angular Mesh Design

- Steel Chassis

- Light Tempered Glass

- Mid-Tower Form Factor

- Colour: Black

- Supports ATX, Micro-ATX & Mini-ITX Motherboards

- 2x 3.5""/2.5"", 4x Dedicated 2.5"" Drive Bays Supported

- 2x USB 3.0 Type-A

- Audio I/O, Power Button, Reset Button

- Radiator Maximum Supported Length: Up to 360mm (Front)

- CPU Cooler Clearance: 169mm

- Maximum GPU Length: Up to 345mm

- Smooth & Quiet Operation

- Robust Cooling

- 2x Aspect 14 Fans Included

- 1x Aspect 12 Fan Included

- 2x 3.5""/2.5"" Drive Brackets Included

- 2 Year Warranty"
"Alienware AW3423DW 34"" UWQHD (3440x1440) Quantum Dot OLED 175Hz HDR Peak 1000 1800R Curved G-Sync Ultimate Desktop Monitor",In stock with Wootware,"R31,999.00","R23,499.00",Monitors,https://www.wootware.co.za/media/catalog/product/cache/1/image/512x512/9df78eab33525d08d6e5fb8d27136e95/a/w/aw3423dw_1_.jpg,"- The World's First QD-OLED Gaming Monitor!

- Samsung 34"" UWQHD (3440x1440) QD-OLED 175Hz Panel

- VESA Display HDR 400 Certified, HDR Peak 1000 Capable

- NVIDIA G-Sync Ultimate Capable

- Contrast Ratio: 1,000,000:1

- Brightness: 250 cd/m2 Typical, 1000 cd/m2 Peak

- 2x HDMI 2.0, 1x DisplayPort 1.4a

- 4x USB 3.2 Gen 1 5Gbps Type-A Downstream Ports

- 1x USB 3.2 Gen 1 5Gbps Upstream Port

- 1x 3.5mm Line-Out Audio Jack, 1x 3.5mm Headphone Jack

- 1800R Curvature

- AlienFX RGB Lighting

- 3 Year Warranty"
Fractal Design FD-C-POR1X-06 Pop XL Air RGB Black Tempered Glass Clear Tint Steel E-ATX Mid Tower Desktop Chassis,Stock Coming Soon,"R2,729.00","R2,099.00",Chassis,https://www.wootware.co.za/media/catalog/product/cache/1/image/512x512/9df78eab33525d08d6e5fb8d27136e95/p/o/pop_xl_air_rgb_black_tgc_1_left_front-9wfltlhs.jpg,"- Unique Hexagonal Mesh Design

- Steel Chassis

- Clear Tint Tempered Glass

- Mid Tower Form Factor

- Colour: Black

- Supports E-ATX (Up To 280mm), ATX, Micro-ATX, Mini-ITX Motherboards

- 3x Universal 3.5""/2.5"", 2x Dedicated 2.5"" Drive Bays Included, 4 Positions Supported Total

- 2x 5.25"" Half-Length Drive Days (Hidden)

- 2x USB 3.0 Type-A

- Audio I/O, Power Button, Reset Button, RGB Button

- Radiator Maximum Supported Length: Up To 360mm (Front)

- CPU Cooler Clearance: 185mm

- Maximum GPU Length: Up to 455mm

- Versatile Interior

- Superior Airflow By Design

- 4x Aspect 12 RGB Fans Included

- Built-In RGB Controller

- 2 Year Warranty"
Palit GeForce GT 710 Single NEAT7100HD46-2080F 2GB DDR3 64-bit PCI-E 2.0 Desktop Graphics Card,In stock with Wootware,"R1,379.00",R699.00,GPUs,https://www.wootware.co.za/media/catalog/product/cache/1/image/512x512/9df78eab33525d08d6e5fb8d27136e95/p/a/palit_gt710_2gb_0.jpg,"- Base Clock: 954 MHz

- 192 CUDA Cores

- Memory Clock Speed: 800 MHz

- 2GB DDR3 Memory

- 1x VGA, 1x HDMI, 1x Dual-Link DVI-D

- Maximum Digital Resolution: 2560x1600

- NVIDIA 3D Vision Ready

- 3 Year Warranty (For All Purchases Made After 1 May 2019)"
ASUS 90MP02K0-BMUA00  P307 TUF Gaming M4 AIR 16000 DPI Gaming Mouse,In stock with Wootware,R849.00,R599.00,Peripherals,https://www.wootware.co.za/media/catalog/product/cache/1/image/512x512/9df78eab33525d08d6e5fb8d27136e95/1/-/1-hwnkvvgs.jpg,"- 16000 DPI

- IPX6 Water Repellent

- Gaming-Grade Optical Sensor 

- Ultra Lightweight 47g Air Shell Design

- Asus Antibacterial Guard Treatment

- Exclusive Armoury Crate Software

- 2 Year Warranty"
"Samsung LS24R35AFHMXUE SR24R 23.8"" Full HD(1920x1080) 75Hz 5ms IPS Freesync Desktop Monitor",In stock with Wootware,"R3,299.00","R2,599.00",Monitors,https://www.wootware.co.za/media/catalog/product/cache/1/image/512x512/9df78eab33525d08d6e5fb8d27136e95/s/2/s24r350_001_front_black_gallery001-m4sq2shs.jpg,"- 23.8"" IPS Panel Technology

- Full HD (1920x1080) Resolution

- 5ms Response Time

- 75Hz Refresh Rate

- AMD Freesync

- Game Mode

- 250 cd/m² Brightness

- 1x HDMI 1.4, 1x VGA

- Eye Saver Mode

- Flicker-Free

- 1 Year Warranty"
Metallic Gear MG-F120PDRGB_BK Skiron D-RGB 120mm PWM Case Fan,In stock with Wootware,R429.00,R199.00,Case Fans,https://www.wootware.co.za/media/catalog/product/cache/1/image/512x512/9df78eab33525d08d6e5fb8d27136e95/m/g/mg-skiron-drgb-120-01.jpg,"- 120mm

- Max Airflow: Up to 50 CFM

- Static Pressure: Up to 0.93 mmH2O

- 1500RPM +/- 10%

- 29dBA Maximum Noise Level

- 4-Pin PWM Connector

- Rifle Bearing

- Integrated D-RGB Lighting

- 12x Independent LEDs

- 5 Year Warranty"
Zotac GeForce RTX 4080 Trinity OC ZT-D40810J-10P 16GB GDDR6X 256-bit PCI-E 4.0 Desktop Graphics Card,In stock with Wootware,"R31,299.00","R26,499.00",GPUs,https://www.wootware.co.za/media/catalog/product/cache/1/image/512x512/9df78eab33525d08d6e5fb8d27136e95/z/t/zt_d40810j_10p_image01-28ezdrhs.jpg,"- Base Clock: 2205MHz

- Boost Clock: 2520MHz

- CUDA Cores: 9728

- 3rd Gen Ray Tracing Cores

- 4th Gen Tensor Cores

- NVIDIA Optical Flow Accelerator Technology

- Memory: 16GB GDDR6X

- Memory Clock: 23Gbps

- NVIDIA Ada Lovelace Architecture (Ada)

- Real-Time Ray Tracing Technology

- NVIDIA DLSS 3.0 Super Resolution AI Rendering Technology

- PCIe 5.0 12VHPWR Ready

- 3x DisplayPort 1.4a, 1x HDMI 2.1

- Multi-Display Capability: 4 Displays

- Maximum Digital Resolution: 7680x4320 @ 60Hz

- NVIDIA GeForce Game Ready & Studio Drivers

- NVIDIA G-Sync Premium

- NVIDIA Reflex

- NVIDIA Broadcast

- NVIDIA AV1 Encoder

- NVIDIA Omniverse 3D Design

- NVIDIA Canvas

- AIR Optimised Design

- IceStorm 2.0 Advanced Cooling

- SPECTRA 2.0 RGB Lighting

- Dual BIOS

- ZOTAC GAMING FireStorm Utility

- 3 Year Warranty"
Sabrent SB-ROCKET-1TB ROCKET 1TB M.2 (2280) NVMe PCI-E 3.0 Solid State Drive,In stock with Wootware,"R3,279.00","R2,079.00",SSDs,https://www.wootware.co.za/media/catalog/product/cache/1/image/512x512/9df78eab33525d08d6e5fb8d27136e95/s/b/sb-rocket-1tb-main-7.jpg,"- 1TB Drive Capacity

- M.2 (2280) Form Factor

- PCIe Gen3 x 4 Interface

- Sequential Read Speed: Up to 3,400 MB/s

- Sequential Write Speed: Up to 3,000 MB/s

- Flash Memory: 3D TLC NAND

- MTBF: 1,800,000 Hours

- Includes Free Sabrent Acronis True Image For Cloning, Backup and Recovery

- 5 Year Warranty or 1,665TBW (Free and Fast Online Registration Required)"
XFX Radeon RX 6600 Speedster SWFT 210 Core RX-66XL8LFDQ 8GB GDDR6 128-bit PCI-E 4.0 Desktop Graphics Card,In stock with Wootware,"R8,699.00","R5,699.00",GPUs,https://www.wootware.co.za/media/catalog/product/cache/1/image/512x512/9df78eab33525d08d6e5fb8d27136e95/x/f/xfx-radeon-rx-6600-speedster-swft210-core-rx-66xl8lfdq-8gb-gddr6-graphics-card-1.jpg,"- Base Clock: Up to 1626 MHz

- Game Clock: Up to 2044 MHz

- Boost Clock: Up to 2491 MHz

- Stream Processors: 1792

- Infinity Cache: 32MB

- Memory: 8GB GDDR6

- Memory Clock: 14Gbps

- AMD RDNA 2 Architecture

- 7nm GPU

- PCI-E Gen 4.0

- 3x DisplayPort 1.4, 1x HDMI 2.1

- Radeon FreeSync Technology

- Radeon VR Ready Premium

- Premium Quality Backplate

- Dual Fan Cooler

- 2 Year Warranty"
Standard 1.8m Figure 8 Dedicated Red Plug Power Cord,In stock with Wootware,R109.00,R79.00,Other,https://www.wootware.co.za/media/catalog/product/cache/1/image/512x512/9df78eab33525d08d6e5fb8d27136e95/p/c/pc-6df87mbk1.8.jpg,"- 1.8m Figure 8 Power Cord

- Dedicated Red Plug"
G.Skill F5-6000J3636F16GX2-TZ5RS Trident Z5 RGB 32GB (2 x 16GB) DDR5-6000MHz CL36 1.35V Silver Desktop Memory,In stock with Wootware,"R3,879.00","R3,529.00",Memory,https://www.wootware.co.za/media/catalog/product/cache/1/image/512x512/9df78eab33525d08d6e5fb8d27136e95/t/r/trident_z5_rgb_silver_x2_02-wvmsxjgs_3.jpg,"- 32GB (2 x 16GB)

- DDR5-6000MHz

- 1.35V

- CL36

- 288-pin DIMM

- Intel eXtreme Memory Profile 3.0

- Dual Channel Kit

- Extreme Performance DDR5

-  Hand screened IC's

- Customizable RGB lighting support

- Optimised for Intel Z690 and 12th Gen CPU's

- Limited Lifetime Warranty

View the Qualified Vendors List for this product Here"
"Mushkin MKNSSDEL1TB Element 1TB 2.5"" SATA 3.0 6Gb/s Solid State Drive",In stock with Wootware,"R1,599.00","R1,079.00",SSDs,https://www.wootware.co.za/media/catalog/product/cache/1/image/512x512/9df78eab33525d08d6e5fb8d27136e95/m/u/mushkin-elementsata-1tb-01.jpg,"- 1TB Storage Capacity

- 2.5"""" Form Factor

- SATA III 6Gb/s Interface

- Up to 500 MB/s Sequential Read Speed

- Up to 450 MB/s Sequential Write Speed

- Flash Memory: 3D NAND

- 3 Year Limited Warranty"
Fractal Design FD-C-POR1M-01 Pop Mini Air RGB White Tempered Glass Clear Tint Steel Micro-ATX Mid Tower Desktop Chassis,Stock Coming Soon,"R1,949.00","R1,629.00",Chassis,https://www.wootware.co.za/media/catalog/product/cache/1/image/512x512/9df78eab33525d08d6e5fb8d27136e95/p/o/pop_mini_air_rgb_white_tgc_1_front_left-bosgslhs.jpg,"- Unique Hexagonal Mesh Design

- Steel Chassis

- Clear Tint Tempered Glass

- Mid Tower Form Factor

- Colour: White

- Supports Micro-ATX, Mini-ITX Motherboards

- 2x Universal 3.5""/2.5"", 2x Dedicated 2.5"" Drive Bays Included, 4 Positions Supported Total

- 2x 5.25"" Half-Length Drive Bays

- 2x USB 3.0 Type-A

- Audio I/O, Power Button, Reset Button, RGB Button

- Radiator Maximum Supported Length: Up To 240mm (Front)

- CPU Cooler Clearance: 170mm

- Maximum GPU Length: Up to 365mm

- Versatile Interior

- Superior Airflow By Design

- 3x Aspect 12 RGB Fans Included

- Built-In RGB Controller

- 2 Year Warranty"
Palit GeForce RTX 3060 Dual NE63060019K9-190AD 12GB GDDR6 192-bit PCI-E 4.0 Desktop Graphics Card (Lite Hash Rate),In stock with Wootware,"R10,699.00","R6,999.00",GPUs,https://www.wootware.co.za/media/catalog/product/cache/1/image/512x512/9df78eab33525d08d6e5fb8d27136e95/p/a/palit-rtx-3060-dual-01.jpg,"- Base Clock: 1320 MHz

- Boost Clock: 1777 MHz

- CUDA Cores: 3584

- 2nd Gen Ray Tracing Cores

- 3rd Gen Tensor Cores

- Memory: 12GB GDDR6

- Memory Clock: 15Gbps

- NVIDIA Ampere Architecture

- Real-Time Ray Tracing Technology

- NVIDIA DLSS Ground-breaking AI Rendering Technology

- 3x DisplayPort 1.4a, 1x HDMI 2.1

- Multi-Display Capability: 4 Displays

- Maximum Digital Resolution: 7680x4320

- Copper Base

- RGB Lighting

- DrMOS Technology

- 0-dB Technology

- 3 Year Warranty"
Magnium Gear MG-NE620Q_DWT02 Neo Qube 2 White Tempered Glass Steel E-ATX Mid Tower Desktop Chassis,Stock Coming Soon,"R2,779.00","R2,199.00",Chassis,https://www.wootware.co.za/media/catalog/product/cache/1/image/512x512/9df78eab33525d08d6e5fb8d27136e95/m/g/mg_ne620q_bw_2-ybxicohs_1.jpg,"- Dual Chamber Design

- Steel Chassis

- Tempered Glass Side Panels

- Mid Tower Form Factor

- Colour: White

- Supports E-ATX, ATX, Micro-ATX, Mini-ITX Motherboards

- 2x 3.5"", 5x 2.5"" Drive Bays Supported

- 1x USB 3.1 Gen 2 Type-C, 2x USB 3.0 Type-A

- D-RGB Mode Button, D-RGB Colour Button

- Power Button, Reset Button

- Headphone Jack, Mic Jack

- Radiator Maximum Supported Length: Up To 360mm (Side, Top, Bottom)

- CPU Cooler Clearance: 148mm

- Maximum GPU Length: 410mm

- Dual System Support (*Single Power Supply)

- Triple 360mm Radiator Support

- Integrated & Expandable D-RGB Lighting

- 2x 3.5"" HDD Brackets Included

- 5x 2.5"" SSD Brackets Included

- 5 Year Warranty"
Western Digital WDS500G3B0C WD Blue SN570 500GB M.2 2280 NVMe PCIe 3.0 Solid State Drive,In stock with Supplier,"R1,099.00",R899.00,SSDs,https://www.wootware.co.za/media/catalog/product/cache/1/image/512x512/9df78eab33525d08d6e5fb8d27136e95/w/d/wd_blue_sn570_500gb_01-3ndw2lgs.jpg,"- 500GB Drive Capacity

- M.2 2280 Form Factor

- PCIe 3.0 Interface

- Endurance: 300 TBW

- Sequential Read Speed: Up to 3,500 MB/s

- Sequential Write Speed: Up to 2,300 MB/s

- Random 4KB Read: Up to 360,000 IOPS

- Random 4KB Write: Up to 390,000 IOPS

- 3D TLC NAND Flash

- 5 Year Warranty"
Fractal Design FD-C-MEL2A-03 Meshify 2 Lite Tempered Glass Light Tint Black Steel ATX Mid Tower Desktop Chassis,Stock Coming Soon,"R2,849.00","R2,279.00",Chassis,https://www.wootware.co.za/media/catalog/product/cache/1/image/512x512/9df78eab33525d08d6e5fb8d27136e95/m/e/meshify_2_lite_black_tgl_1_left_front-rdcbhbhs.jpg,"- Iconic Angular Mesh Design

- Steel Chassis

- Light Tint Tempered Glass

- Mid Tower Form Factor

- Colour: Black

- Supports E-ATX (Up to 285mm Wide), ATX, Micro-ATX, Mini-ITX Motherboards

- 2x Universal 3.5""/2.5"", 2x Dedicated 2.5"" Drive Bays Supported, 4 Positions Total

- 2x USB 3.0 Type-A

- Audio I/O, Power Button, Reset Button

- Radiator Maximum Supported Length: Up To 360mm (Top and Front)

- CPU Cooler Clearance: 185mm

- Maximum GPU Length: Up to 451mm

- Spacious Interior

- Superior Airflow By Design

- 3x Aspect 14 Fans Included

- 2x Universal 3.5""/2.5"" Drive Brackets Included

- 2x Dedicated 2.5"" Drive Brackets Included

- 2 Year Warranty"
DeepCool DP-MCH4-GMX-GT-ARGB GAMMAXX GT A-RGB 120mm Tower CPU Air Cooler,In stock with Wootware,R799.00,R699.00,CPU Coolers,https://www.wootware.co.za/media/catalog/product/cache/1/image/512x512/9df78eab33525d08d6e5fb8d27136e95/d/p/dp-mch4-gmx-gt-argb_1_.jpg,"- 120mm RGB Tower CPU Air Cooler

- 4x Heatpipe Design with Dense Fin Stack

- DeepCool ARGB Hydro Bearing Fan

- Stylish RGB Heatsink Cover

- Direct Touch Copper Heatpipes

- Fan Speed: 500 - 1650 RPM ±10%

- Fan Static Pressure: Up to 2.1mmH2O

- Case Clearance: 158mm

- RAM Clearance: 59mm

- Aluminium Construction with Nickel Plating

- Colour: Silver

- Intel Socket Support: LGA1700, LGA1200, LGA115x

- AMD Socket Support: Socket AM5, AM4

- 2 Year Warranty"
"ASUS VG35VQ TUF Gaming 35"" Ultra Wide QHD (3440x1440) 100Hz VA 1ms MPRT HDR10 Adaptive-Sync 1800R Curved Gaming Desktop Monitor",In stock with Wootware,"R15,299.00","R9,599.00",Monitors,https://www.wootware.co.za/media/catalog/product/cache/1/image/512x512/9df78eab33525d08d6e5fb8d27136e95/a/s/asus-tuf-gaming-vg35vq-35-wqhd-_3440x1440_-01.jpg,"- 35"" VA(Vertical Alignment) Panel

- 1x DisplayPort 1.2, 2x HDMI 2.0

- Ultra Wide QHD (3440x1440) Resolution

- 100Hz Refresh Rate

- 2500:1 Static Contrast Ratio

- Brightness: 300cd/m²

- 178°/178° Viewing Angles

- Tilt, Swivel & Height Adjustment

- 1ms (MPRT)

- HDR-10 Mode

- 1800R Curved Design

- Adaptive Sync Support

- 16.7 Million Colours

- 3 Year Warranty"
XFX Radeon RX 6650 XT Black SPEEDSTER MERC 308 RX-665X8TBDY 8GB GDDR6 128-bit PCIe 4.0 Desktop Graphics Card,In stock with Wootware,"R7,999.00","R6,999.00",GPUs,https://www.wootware.co.za/media/catalog/product/cache/1/image/512x512/9df78eab33525d08d6e5fb8d27136e95/m/e/merc308_6650xt_black_8_.jpg,"- Base Clock: Up to 2191MHz

- Game Clock: Up to 2523MHz

- Boost Clock: Up to 2694MHz

- Stream Processors: 2048

- Infinity Cache: 32MB

- Memory: 8GB GDDR6

- Memory Clock: 17.5Gbps

- AMD RDNA 2 Architecture

- 7nm GPU

- PCIe 4.0 x8

- 3x DisplayPort 1.4, 1x HDMI 2.1

- Radeon FreeSync Technology

- Radeon VR Ready Premium

- AMD FidelityFX Super Resolution

- AMD Radeon Super Resolution

- Hardware-Accelerated Ray Tracing

- Premium Quality Backplate

- Triple Fan Cooler

- 2 Year Warranty"
Sabrent SB-ROCKET-NVMe4-1TB ROCKET 1TB M.2 (2280) NVMe PCI-E 4.0 Solid State Drive,In stock with Wootware,"R2,079.00","R1,699.00",SSDs,https://www.wootware.co.za/media/catalog/product/cache/1/image/512x512/9df78eab33525d08d6e5fb8d27136e95/s/b/sb-rocket-nvme4-1tb-main.jpg,"- 1TB Drive Capacity

- M.2 (2280) Form Factor

- PCIe Gen4 x4 Interface

- Sequential Read Speed: Up to 5,000 MB/s

- Sequential Write Speed: Up to 4,400 MB/s

- Flash Memory: 3D BiCS4 NAND

- MTBF: 1,700,000 Hours

- Includes Free Sabrent Acronis True Image For Cloning, Backup and Recovery

- 5 Year Warranty or 1,800TBW (Free and Fast Online Registration Required)"
Phanteks PH-CB-CMBO_BK 500mm Black Universal Extension Cable Kit,In stock with Wootware,R699.00,R479.00,Other,https://www.wootware.co.za/media/catalog/product/cache/1/image/512x512/9df78eab33525d08d6e5fb8d27136e95/a/3/a3b4b9f07802807fa4d73d46c9f4626f_main_.jpg,"- Length: 500mm

- Wire AWG: 18AWG, 2.1mm (Rohs)

- Sleeve Tube: PP Material

- Insulation Resistance: 20M ohm @ 200VDC

- Short/Open Determinant: 20K ohm

- 1x Motherboard 24 Pin Extension

- 1x CPU 8 (4+4) Pin Extension

- 2x PCI-E 8 (6+2) Pin Extension

- Pack of Cable Combs"
EVGA 220-G6-0750-X3 SuperNOVA 750 G6 750W 80 Plus Gold Fully Modular Black Desktop Power Supply,Stock Coming Soon,"R2,199.00","R1,999.00",PSUs,https://www.wootware.co.za/media/catalog/product/cache/1/image/512x512/9df78eab33525d08d6e5fb8d27136e95/2/2/220_g6_0750_x3_xl_1-hrdulvhs.jpg,"- 750W Maximum Power

- Full Range Heavy-Duty Protections 100V~240V

- 80 Plus Gold Certified

- Colour: Black

- 135mm Fluid Dynamic Bearing Fan

- Complies With ATX 12V & EPS 12V Specification

- Long Term Reliability: 100% Japanese Capacitors

- Full-bridge LLC Resonant Converter

- EVGA ECO Intelligent Thermal Control System

- TUV, CB, CE, FCC, RCM, cTUVus, WEEE, RoHS

- Compliance with ErP Lot 3 2014 Requirement

-  Fully Modular Design

- Active Power Factor Correction

- 10 Year Limited Warranty"
AMD 100-100000593WOF Ryzen 5 7600X 5.30GHz 6-Core Zen 4 Socket AM5 Desktop CPU - Cooler Not Included,In stock with Wootware,"R6,349.00","R5,299.00",CPUs,https://www.wootware.co.za/media/catalog/product/cache/1/image/512x512/9df78eab33525d08d6e5fb8d27136e95/a/m/amd-r5-7000-3dpibwof-01.jpg,"- AMD Ryzen 5 7600X 4.70GHz Processor (32MB L3 Cache)

- Up to 5.30GHz Boost Clock

- 6 Cores, 12 Threads

- AMD 5nm Zen 4 Architecture

- TSMC 6nm IO Die

- 384KB L1 Cache

- 6MB L2 Cache

- Integrated Radeon RDNA 2 Graphics

- Supports AMD X670E, X670, B650E, B650 Chipsets

- Dual-Channel DDR5 Memory Architecture Up to 128GB

- Up to DDR5-5200MHz Supported

- PCI Express Version 5.0 Supported

- AMD EXPO Memory Overclocking Profiles

- AMD Precision Boost 2.0 & Precision Boost Overdrive

- AMD StoreMI Technology

- 105W TDP

- Socket AM5 Compatible

- 3 Year Warranty"
Gigabyte GB-C200G C200 Tempered Glass Black Steel ATX Mid Tower Desktop Chassis,In stock with Wootware,"R1,299.00",R999.00,Chassis,https://www.wootware.co.za/media/catalog/product/cache/1/image/512x512/9df78eab33525d08d6e5fb8d27136e95/g/i/gigabyte-gb-c200g-c200-001.jpg,"- Tempered Glass Side Panels

- Mid Tower Form Factor

- Colour: Black

- Supports: ATX, Micro-ATX, Mini-ITX Motherboards

- 2x 3.5""/2.5"" Drive Bays Supported

- 2x 2.5"" Drive Bays Supported

- 2x USB3.0, RGB LED Switch, Reset Button, Mic/Audio Jack

- Radiator Maximum Supported Length: Up To 280mm (Front)

- CPU Cooler Clearance: 165mm

- Maximum GPU Length: 330mm

- 1x 120mm Fan Included"
Super Flower SF-650F14MT(BK) Leadex 650W 80 Plus Silver Certified Fully Modular Black Desktop Power Supply,In stock with Wootware,"R2,799.00","R1,399.00",PSUs,https://www.wootware.co.za/media/catalog/product/cache/1/image/512x512/9df78eab33525d08d6e5fb8d27136e95/3/2/3272823_1.jpg,"- Maximum Power: 650W

- 100% Fully Modular Cabling Design For Easy Cable Management

- 80 PLUS Silver Certified 87% 90% 87% Efficiency At 20% 50% 100% Rated Load

- Comply With ATX 12V v2.32, SSI EPS 12V v2.92 Specification

- Supports All Intel/AMD Multi-Core CPU & ATX/BTX Compatible Motherboards

- Supports NVIDIA SLI & AMD CrossFireX High Performance Graphic Cards

- Unleaded Green Materials with RoHS/WEEE Compliance

- More than 2,000 times On/Off test

- 3 Year Manufacturer Warranty

- South African 3-prong power-cable included"
Phanteks PH-EC400ATG_DBK01 Eclipse P400A Digital RGB Tempered Glass Satin Black Steel ATX Mid Tower Desktop Chassis,Stock Coming Soon,"R2,379.00","R1,679.00",Chassis,https://www.wootware.co.za/media/catalog/product/cache/1/image/512x512/9df78eab33525d08d6e5fb8d27136e95/p/4/p400a-digital-rgb-black_1_.jpg,"- ""A vast improvement over the P400"" - Gamers Nexus

- Full-Metal Mesh Front Panel

- Powder Coated Steel Chassis

- Tempered Glass Side Panel

- Ultra-Fine Performance Mesh with Uncompromised Airflow

- Mid-Tower Form Factor

- Supports Mini-ITX to E-ATX (Up to 272mm Wide*) Motherboards

- 2x 3.5"", 2x 2.5"" Drive Bays Supported

- 2x USB 3.0 Type-A Ports

- D-RGB Mode, D-RGB Colour Button

- Separate Power & Reset Buttons

- Separate 3.5mm Headphone & Mic Jacks

- Radiator Clearance: Up to 360mm (Front mount)

- CPU Cooler Clearance: Up to 160mm

- Maximum GPU Length: Up to 420mm

- Includes 2x 3.5"" HDD Brackets

- Includes 2x 2.5"" SSD Brackets

- Includes Phanteks Digital-RGB Controller

- Includes 3x 120mm Digital RGB Phanteks Fans

- Magnetic Dust Cover (Top)

- Colour: Black

- 5 Year Warranty"
G.Skill F4-3600C18D-32GTZR Trident Z RGB 32GB (2x16GB) DDR4-3600MHz CL18 1.35V Black Desktop Memory,In stock with Wootware,"R2,549.00","R2,319.00",Memory,https://www.wootware.co.za/media/catalog/product/cache/1/image/512x512/9df78eab33525d08d6e5fb8d27136e95/t/r/trident-z-rgb-dual-01_1.jpg,"- 32GB (2x16GB)

- DDR4-3600MHz

- 1.35V

- CL18

- 288-pin DIMM

- Intel eXtreme Memory Profile 2.0

- Dual Channel Kit

- Compatible with Intel Z370 and Z390.

- Compatible with AMD X570 (Ryzen 3000 Series CPUs).

- Limited Lifetime Warranty

View the Qualified Vendors List for this product Here"
Phanteks PH-F140M25_DRGB_PWM_WT01 M25-140 D-RGB 140mm White Case Fan,Stock Coming Soon,R449.00,R299.00,Case Fans,https://www.wootware.co.za/media/catalog/product/cache/1/image/512x512/9df78eab33525d08d6e5fb8d27136e95/m/2/m25_140_drgb_white_11-bzcndths.jpg,"- 140mm Case Fan

- Colour: Black

- Airflow: 104.62 CFM Max

- Air Pressure: 2.8 mmH2O Max

- Rotational Speed: 500 - 1800 RPM

- 36.57 dB(A) Max Noise Level

- 4-Pin PWM Connector

- Optimised To Perform The Best With Fine Mesh/Dust Filters

- Clean Cable Management With Daisy-Chain Cables

- Excellent Low Noise Performance

- Addressable RGB

- 5 Year Warranty"
Gigabyte GA-B760-AORUS-MASTER-DDR4 B760 Aorus Master DDR4 Intel B760 Raptor Lake LGA 1700 ATX Desktop Motherboard,In stock with Wootware,"R6,199.00","R5,549.00",Motherboards,https://www.wootware.co.za/media/catalog/product/cache/1/image/512x512/9df78eab33525d08d6e5fb8d27136e95/g/a/ga-b760-aorus-master-ddr4_1_.jpg,"- ATX Form Factor Motherboard

- Intel B760 Chipset

- LGA 1700 Socket Supports 12th & 13th Gen Core Processors

- 4x DDR4 DIMM Slots, Up to 128GB (4x32GB)

- Supports Up to DDR4-5333 (OC)

- 1x PCIe 4.0 x16 Slot

- 1x PCIe 3.0 x4 (x16 Physical) Slot

- 1x PCIe 3.0 x1 (x16 Physical) Slot

- 3x M.2 22110 PCIe 4.0 x4 NVMe SSD Slots

- 4x SATA 3.0 Ports

- 1x USB 20Gb/s Type-C Port

- 1x USB 10Gb/s Type-A Port

- 4x USB 5Gb/s Type-A Ports

- 4x USB 2.0 Type-A Ports

- 1x DisplayPort 1.2, 1x HDMI 2.1

- 6x 3.5mm Audio Jacks (Support 7.1 Surround), 1x S/PDIF Optical Audio

- 2x SMA Connectors

- Intel I225-V 2.5 Gigabit Ethernet RJ-45 LAN

- Intel AX211 WiFi 6E 2x2 MIMO Tri-band Adapter, Bluetooth 5.3

- Realtek ALC1220-VB High-Definition Audio Codec

- Twin 16+1+1 Phase Digital VRM

- Gigabyte EZ-Latch Plus PCIe Slot Quick Release Design

- Gigabyte Q-Flash Plus BIOS Update

- Gigabyte RGB Fusion Software

- Gigabyte APP Center

- Supports Windows 10, Windows 11 64-bit

- 3 Year Warranty"
XFX Radeon RX 6800 XT Speedster MERC 319 RX-68XTALFD9 16GB GDDR6 256-bit PCI-E 4.0 Desktop Graphics Card,In stock with Wootware,"R18,599.00","R12,999.00",GPUs,https://www.wootware.co.za/media/catalog/product/cache/1/image/512x512/9df78eab33525d08d6e5fb8d27136e95/x/f/xfx-rx6800xt-speedster-merc319-01.jpg,"- Base Clock: Up to 1825 MHz

- Game Clock: Up to 2015 MHz

- Boost Clock: Up to 2250 MHz

- Stream Processors: 4608

- Infinity Cache: 128MB

- Memory: 16GB GDDR6

- Memory Clock: 16Gbps

- AMD RDNA 2 Architecture

- 7nm GPU

- PCI-E Gen 4.0

- 3x DisplayPort 1.4 with DSC, 1x HDMI 2.1

- Radeon FreeSync Technology

- Radeon VR Ready Premium

- Premium Quality Backplate

- Triple Fan Cooler

- 2 Year Warranty"
"AOC 27G2SP 27"" Full HD (1920x1080) 165Hz 4ms IPS AMD FreeSync Premium Desktop Monitor",In stock with Wootware,"R6,999.00","R5,299.00",Monitors,https://www.wootware.co.za/media/catalog/product/cache/1/image/512x512/9df78eab33525d08d6e5fb8d27136e95/2/7/27g2sp7301.jpg,"- 27"" IPS (In-Plane Switching) Panel

- 1x DisplayPort, 2x HDMI

- FHD 1920x1080 Resolution

- 165Hz Refresh Rate (Over DisplayPort)

- 1100:1 Contrast Ratio

- Brightness: 250cd/m²

- AMD FreeSync Premium Pro

- 16.7 Million Colours

- 6 Gaming Modes

- 1ms (MPRT) Response Time

- 4ms (GtG) Response Time

- 4 Year Warranty"
Adata AX4U3000316G16A-SBHT XPG Hunter 16GB (1x16GB) DDR4-3000MHz CL16 1.35V Black Desktop Memory,In stock with Wootware,"R1,043.00","R1,029.00",Memory,https://www.wootware.co.za/media/catalog/product/cache/1/image/512x512/9df78eab33525d08d6e5fb8d27136e95/a/d/adata-ax4u266638g16-sbht-xpg-hunter-8gb-_1x8gb_-ddr4-2666mhz-01_2.jpg,"- 16GB (1x16GB)

- DDR4-3000MHz

- 1.35V

- CL16

- Intel eXtreme Memory Profile 2.0

- Single Channel Kit

- Limited Lifetime Warranty"
Mushkin MKNSSDVT1TB-D8 Vortex 1TB PCIe 4.0 x4 NVMe M.2 2280 Solid State Drive,In stock with Wootware,"R2,079.00","R1,399.00",SSDs,https://www.wootware.co.za/media/catalog/product/cache/1/image/512x512/9df78eab33525d08d6e5fb8d27136e95/v/o/vortex_512gb_mknssdvt512gb_d81-otljpxgs_1.jpg,"- 1TB Storage Capacity

- M.2 (2280) Form Factor

- PCIe NVMe Interface

- Sequential Read Speed: Up to 7,430 MB/s

- Sequential Write Speed: Up to 5,300 MB/s

- Mushkin Enhanced Data Protection Suite

- MTBF: Up to 1.5M Hours

- 5 Year Limited Warranty Or 500TBW"
Cooler Master MCA-U000R-KFVK02 V2.0 PCIe 4.0 Universal Vertical GPU Mounting Kit,In stock with Wootware,"R1,399.00","R1,379.00",Other,https://www.wootware.co.za/media/catalog/product/cache/1/image/512x512/9df78eab33525d08d6e5fb8d27136e95/m/c/mca-u000r-kfvk02_1_2x.jpg,"- Universal PCI Mount for Vertical GPU Orientation

- Fits Into Any 7-Slot ATX Chassis

- Modular Design

- Adjustable Placement

- Compatibility: 2.5-Slot GPU Coolers

- Colour: Black

- Includes PCIe 4.0 Riser Cable

- 2 Year Warranty"
Samsung MZ-V8V1T0BW 980 1TB NVMe M.2 (2280) PCIe 3.0 x4 Solid State Drive,In stock with Wootware,"R2,549.00","R1,999.00",SSDs,https://www.wootware.co.za/media/catalog/product/cache/1/image/512x512/9df78eab33525d08d6e5fb8d27136e95/s/a/samsung_980_1tb_pcie_3_01.jpg,"- 1TB Storage Capacity

- M.2 2280 Form Factor

- NVMe 1.4 PCIe 3.0 x4 Interface

- Up to 3,500 MB/s Sequential Read Speed

- Up to 3,000 MB/s Sequential Write Speed

- Intelligent TurboWrite Technology

- Nickel Coated Controller

- Smart Thermal Solution

- Host Memory Buffer Technology

- Flash Memory: Samsung V-NAND 3-bit MLC

- MTBF: 1,500,000 Hours

- 5 Year Limited Warranty or 600TBW"
AMD 100-100000592BOX Ryzen 7 7700 5.30GHz 8-Core Zen 4 Socket AM5 Desktop CPU,In stock with Wootware,"R7,899.00","R6,999.00",CPUs,https://www.wootware.co.za/media/catalog/product/cache/1/image/512x512/9df78eab33525d08d6e5fb8d27136e95/a/m/amd-r7-7000-65w3dpib-01.jpg,"- AMD Ryzen 7 7700 3.80GHz Processor (32MB L3 Cache)

- Up to 5.30GHz Boost Clock

- 8 Cores, 16 Threads

- AMD 5nm Zen 4 Architecture

- TSMC 6nm IO Die

- 512KB L1 Cache

- 8MB L2 Cache

- Integrated Radeon RDNA 2 Graphics

- Supports AMD X670E, X670, B650E, B650 Chipsets

- Dual-Channel DDR5 Memory Architecture Up to 128GB

- Up to DDR5-5200MHz Supported

- PCI Express Version 5.0 Supported

- AMD EXPO Memory Overclocking Profiles

- AMD Precision Boost 2.0 & Precision Boost Overdrive

- AMD StoreMI Technology

- 65W TDP

- Socket AM5 Compatible

- Includes AMD Wraith Prism ARGB Cooler

- 3 Year Warranty"
"Dell S2721DGFA 27"" WQHD (2560x1440) 165Hz 1ms IPS AMD FreeSync Premium Pro DisplayHDR 400 Gaming Desktop Monitor",In stock with Wootware,"R10,799.00","R8,499.00",Monitors,https://www.wootware.co.za/media/catalog/product/cache/1/image/512x512/9df78eab33525d08d6e5fb8d27136e95/d/e/dell-s2721dgf-01_1.jpg,"- 27"" IPS (In-Plane Switching) Panel

- 1x DisplayPort, 2x HDMI

- WQHD 2560x1440 Resolution

- 165Hz Refresh Rate (Over DisplayPort)

- 1000:1 Contrast Ratio

- Brightness: 400cd/m²

- VESA DisplayHDR 400-Certified

- AMD FreeSync Premium Pro

- 16.7 Million Colours

- Pivot, Swivel & Height Adjustment

- 1ms (GtG) Response Time

- 3 Year Warranty"
Super Flower SF-850F14RG(BK) Leadex III ARGB Gold 850W 80 Plus Gold Fully Modular Black Desktop Power Supply,In stock with Wootware,"R2,799.00","R1,999.00",PSUs,https://www.wootware.co.za/media/catalog/product/cache/1/image/512x512/9df78eab33525d08d6e5fb8d27136e95/s/f/sf-850f14rg_bk_6_2x.jpg,"- 850W Maximum Power

- Full Range Auto Voltage Detection Design 100V~240V (Active PFC)

- 80 Plus Gold Certified

- Cybenetics ETA Gold 230V Efficiency Rating (SF19850104)

- Cybenetics LAMBDA A- Noise Rating

- High Efficiency & Stable Power Output

- 130mm ARGB Intelligent Cooling Fan

- Excellent Ripple Suppression

- Complies With Energy Star Standards & EU EuP Regulations

- Complies With ATX 12V v2.32 & EPS 12V v2.92 Specification

- High Temperature Resistant 105°C Capacitors

- Support For The Latest Intel & AMD Multi-Core CPUs

- Fully Modular Design

- Support For NVIDIA SLI & AMD CrossFireX High Performance GPU

- OVP, OCP, OPP, SCP, UVP, OTP

- Lead-free Green Materials with RoHS / WEEE Compliance

- Supports ASUS Aura Sync, Gigabyte RGB Fusion, MSI Mystic Light, ASRock Polychrome

- More than 2,000 times On/Off test

- 5 Year Manufacturer Warranty

- South African 3-prong power-cable included"
"ASUS B5402FEA-I58512B0X ExpertBook B5 Intel Core i5-1155G7 4.50 GHz 4-Core 14"" Full HD(1920x1080) Touch 8GB DDR4(Onboard) 512GB PCIe NVMe M.2 SSD Windows 11 Pro 64-Bit  Star Black Laptop",In stock with Supplier,"R22,399.00","R21,199.00",Notebooks,https://www.wootware.co.za/media/catalog/product/cache/1/image/512x512/9df78eab33525d08d6e5fb8d27136e95/1/-/1-5yfrvhhs_1.jpg,"- Intel Core i7-1155G7 4.50GHz (8MB SmartCache)

- Up to 4.50GHz Turbo Clock

- 4 Cores, 8 Threads

- 14.0"" Full HD (1920x1080) 400 Nits Touch Panel Display

- Intel UHD Graphics

- 8GB (8GB Onboard) DDR4 Memory

- 1x 512GB PCIe 3.0 x2 NVMe M.2 SSD

- 1x USB 2.0 Type-A, 2x USB 3.2 Gen2 Type-A, 2x Thunderbolt 4

- Ultra-High Speed SSD

- 720p HD IR Webcam w/ Privacy Cover

- Gigabit (10/100/1000) LAN Port

- Intel Wi-Fi 6 (802.11ax) Dual Band Wireless

- Windows 11 Pro 64-bit

- Colour: Star Black

- 1 Year Warranty"
Phanteks PH-CB-CMBO_BW 500mm White/Black Universal Extension Cable Kit,In stock with Wootware,R699.00,R479.00,Other,https://www.wootware.co.za/media/catalog/product/cache/1/image/512x512/9df78eab33525d08d6e5fb8d27136e95/p/r/product_image-_1_wootware_catalog__1.jpg,"- Length: 500mm

- Wire AWG: 18AWG, 2.1mm (Rohs)

- Sleeve Tube: PP Material

- Insulation Resistance: 20M ohm @ 200VDC

- Short/Open Determinant: 20K ohm

- 1x Motherboard 24 Pin Extension

- 1x CPU 8 (4+4) Pin Extension

- 2x PCI-E 8 (6+2) Pin Extension

- Pack of Cable Combs"
"AOC CQ27G3S 27"" WQHD (2560x1440) 165Hz VA 4ms FreeSync Premium 1000R Curved HDR 10 Gaming Desktop Monitor",In stock with Wootware,"R8,499.00","R6,999.00",Monitors,https://www.wootware.co.za/media/catalog/product/cache/1/image/512x512/9df78eab33525d08d6e5fb8d27136e95/a/o/aoc_cq27g3s_01-ecfuokgs.jpg,"- 27"" VA (Vertical Alignment) Panel

- 1x DisplayPort 1.2, 2x HDMI 2.0

- WQHD 2560x1440 Resolution

- 165Hz Refresh Rate

- 3000:1 Contrast Ratio

- Brightness: 300cd/m²

- 1000R Curvature

- AMD FreeSync Premium

- 16.7 Million Colours

- Swivel, Tilt & Height Adjustment

- 4ms (GtG) Response Time

- 4 Year Warranty"
Samsung MZ-V8P2T0BW 980 PRO 2TB NVMe M.2 2280 PCI-Express 4.0 x4 Solid State Drive,In stock with Wootware,"R6,499.00","R5,999.00",SSDs,https://www.wootware.co.za/media/catalog/product/cache/1/image/512x512/9df78eab33525d08d6e5fb8d27136e95/z/a/za-980-pro-nvme-m2-ssd-359187-mz-v8p2t0bw-370518322.jpg,"- 2TB Storage Capacity

- M.2 2280 Form Factor

- Interface: PCI-Express Gen 4.0 x4 NVMe 1.3c

- Up to 7,000MB/s Sequential Read Speed

- Up to 5,100MB/s Sequential Write Speed

- 4KB QD32 Random Read: Up to 1,000,000 IOPS

- 4KB QD32 Random Write: Up to 1,000,000 IOPS

- Samsung Magician Management Software

- Reliable Thermal Control

- Flash Memory: Samsung V-NAND 3-bit MLC

- Up to 1.5 Million Hours Reliability (MTBF)

- 5 Year Limited Warranty or 1,200 TBW



Winner of Tom's Hardware's Editor's Choice Award - See the Full Review Here

Winner of TweakTown's Must Have Editor's Choice Award - See the Full Review Here

Read the Full Review by Guru3D Here"
Fractal Design FD-CA-FOCUS-WT-W Focus G Windowed White Steel ATX Mid Tower Desktop Chassis,Stock Coming Soon,"R1,349.00",R999.00,Chassis,https://www.wootware.co.za/media/catalog/product/cache/1/image/512x512/9df78eab33525d08d6e5fb8d27136e95/1/1/11-352-067-v01.jpg,"- Steel Chassis

- Mid Tower

- Colour: White

- Windowed Side Panel

- Supports ATX, Micro-ATX & Mini-ITX Motherboards

- 1x USB 3.0, 1x USB 2.0, Audio In/Out

- 2x 3.5""/2.5"" Drive Bays

- Supports Standard Sized Power Supplies

- Includes 2x Silent Series LL 120mm LED Fans

- CPU Cooler Clearance: Up to 165mm in Height

- Maximum GPU Length: 380mm

- 2 Year Warranty"
Logitech 981-001062 G435 LIGHTSPEED Blue Wireless Gaming Headset,In stock with Wootware,"R1,599.00","R1,099.00",Peripherals,https://www.wootware.co.za/media/catalog/product/cache/1/image/512x512/9df78eab33525d08d6e5fb8d27136e95/l/o/logitech_g_981_001061_g435_wireless_gaming_headset_1663585.jpg,"- Stereo Gaming Headset

- 165g Lightweight

- 45 ohms Impedance

- 20 - 20,000Hz Headphone Frequency Response

- Microphone Frequency Response: 100 Hz - 8 KHz

- Up to 18 Hours Play Time

- Colour: Blue and Rasberry

- Multi-platform Compatible

- 2 Year Warranty"
"ASUS B5302FEA-I716512B0X ExpertBook B5 Flip Intel Core i7-1165G7 4.70 GHz Quad Core 13.3"" Full HD(1920x1080) OLED Touch 16GB DDR4(8GB Onboard + 8GB SO-DIMM) 512GB PCIe 3.0 NVMe SSD Windows 11 Pro 64-Bit  Star Black Laptop",In stock with Supplier,"R25,091.00","R24,291.00",Other,https://www.wootware.co.za/media/catalog/product/cache/1/image/512x512/9df78eab33525d08d6e5fb8d27136e95/1/-/1-wq8zswgs.jpg,"- Intel Core i7-1165G7 4.70GHz (12MB SmartCache)

- Up to 4.70GHz Turbo Clock

- 4 Cores, 8 Threads

- 13.3"" Full HD (1920x1080) 400 Nits OLED Touch Display

- Intel Iris XE Graphics

- 16GB (1x8GB Onboard + 8GB SO-DIMM) DDR4 Memory

- 1x 512GB PCIe 3.0 x2 NVMe M.2 SSD

- 1x USB 3.2 Gen2 Type-A, 2x Thunderbolt 4

- 1x HDMI 2.0b, 1x Micro HDMI (RJ45 Lan via adapter)

- Ultra-High Speed SSD

- 720p HD Webcam w/ Privacy Cover

- Nanoedge Touch Panel

- Intel Wi-Fi 6 (802.11ax) Dual Band Wireless

- Windows 11 Pro 64-bit

- Colour: Star Black

- 1 Year Warranty"
3 Leaf Clover (Mickey Mouse) 1.8m Laptop/Notebook Mains Power Cable,In stock with Wootware,R139.00,R89.00,Other,https://www.wootware.co.za/media/catalog/product/cache/1/image/512x512/9df78eab33525d08d6e5fb8d27136e95/w/o/wo_pc-6dchbk1.8.jpg,3 Leaf Clover (Mickey Mouse) 1.8m Laptop/Notebook Mains Power Cable
Fractal Design FD-A-USBC-001 Model D USB Type-C 10Gb/s Front-Panel Chassis Accessory,Stock Coming Soon,R299.00,R199.00,Other,https://www.wootware.co.za/media/catalog/product/cache/1/image/512x512/9df78eab33525d08d6e5fb8d27136e95/f/d/fd-a-usbc-001_1_2x.jpg,"- USB Type-C Front-Panel Cable Accessory

- Compatible with Fractal Design Model D Chassis Mounts

- Designed for Fractal Design Pop & Focus 2 Series

- Max Transfer Rate: 10Gb/s

- Complies with USB 3.2 Gen 2 Specification

- Cable Length: 670mm

- Colour: Black

- 2 Year Warranty"
Microsoft Windows 11 Home 64-bit Operating System - DSP Pack,In stock with Wootware,"R2,999.00","R2,399.00",Other,https://www.wootware.co.za/media/catalog/product/cache/1/image/512x512/9df78eab33525d08d6e5fb8d27136e95/m/i/microsoft-win11-home64-01.jpg,"- Windows 11 Home 64-bit

- A Fresh Perspective

- Provides A Clean & Creative Space

- Maximise Your Productivity with Snap Layouts & Desktops

- Playtime. Anytime.

- New, More-Intuitive Redocking Experience

- Available on the Widest Array of Devices



- View the AMD CPU Compatibility List

- View the Intel CPU Compatibility List"
Gizzu GUP60W 60W 65Wh 17600mAh Black Mini POE DC UPS,In stock with Wootware,"R1,999.00","R1,479.00",Other,https://www.wootware.co.za/media/catalog/product/cache/1/image/512x512/9df78eab33525d08d6e5fb8d27136e95/g/i/gizzu_gup60w_01-ysfcjkgs.jpg,"- 60W, 65Wh Mini POE DC UPS

- Battery Capacity: 17600mAh

- Power your Router and ONU During Power Outages

- Dual USB Charge Ports

- 65Wh High-capacity Lithium-ion Batteries

- Compatible with a Wide Range of Routers

- Over-charge, Over-discharge, & Short Circuit Protection

- 1 Year Warranty"
Mushkin MKNSSDPE1TB-D8 Pilot-E 1TB 3D TLC NVMe M.2 2280 PCIe 3.0 x4 Solid State Drive,In stock with Wootware,"R2,349.00","R1,399.00",SSDs,https://www.wootware.co.za/media/catalog/product/cache/1/image/512x512/9df78eab33525d08d6e5fb8d27136e95/m/u/mushkin-pilote-1tb-01.jpg,"- 1TB Storage Capacity

- M.2 2280 Form Factor

- PCIe Gen3 x4 NVMe 1.3 Interface

- Up to 3500 MB/s Sequential Read Speed

- Up to 3000 MB/s Sequential Write Speed

- 4KB Random Read: Up to 331,000 IOPS

- 4KB Random Write: Up to 353,000 IOPS

- Silicon Motion SM2262EN Controller

- NVMe Deallocate Function Supported

- High-Reliability 3D TLC NAND Flash

- SLC Caching Accelerates Burst Performance

- MTBF: Up to 1.5M Hours

- 3 Year Limited Warranty or 600TBW"
Mushkin MKNSSDTS512GB-D8 Tempest 512GB PCIe 3.0 x4 NVMe M.2 2280 Solid State Drive,In stock with Wootware,"R1,199.00",R699.00,SSDs,https://www.wootware.co.za/media/catalog/product/cache/1/image/512x512/9df78eab33525d08d6e5fb8d27136e95/t/e/tempest_256gb_mknssdts256gb_d8_f-ikasougs_3.jpg,"- 512GB Storage Capacity

- M.2 (2280) Form Factor

- PCIe NVMe Interface

- Sequential Read Speed: Up to 3,300 MB/s

- Sequential Write Speed: Up to 2,200 MB/s

- Mushkin Enhanced Data Protection Suite

- MTBF: Up to 1.5M Hours

- 3 Year Limited Warranty Or 250TBW"
ID-Cooling FROST X25 2g Ultra High Performance Thermal Paste,In stock with Wootware,R129.00,R69.00,Other,https://www.wootware.co.za/media/catalog/product/cache/1/image/512x512/9df78eab33525d08d6e5fb8d27136e95/2/0/20220114155519_81830-0miztqhs.jpg,"- Grease Color: Gray

- Grease Weight: 2g

- Efficient Heat Dissipation

- Ultra High Thermal Conductivity

- Nano Material

- Thermal Conductivity: 10.5 W/m-K

- 3 Year Warranty"
AMD 100-100000061WOF Ryzen 9 5900X 12 Core 3.7GHz (4.8GHz Boost) Socket AM4 Desktop CPU - Cooler Not Included,In stock with Wootware,"R10,699.00","R7,699.00",CPUs,https://www.wootware.co.za/media/catalog/product/cache/1/image/512x512/9df78eab33525d08d6e5fb8d27136e95/a/m/amd-ryzen-9-5000-wof-01_1.jpg,"- 3.7GHz Base Clock

- Up to 4.8GHz Boost Clock

- 12 Cores, 24 Threads

- AMD 7nm Zen 3 Architecture

- DDR4-3200MHz Supported

- 6MB L2 Cache

- 64MB L3 Cache

- PCI Express Version 4.0 x16

- Cooler Not Included

- AMD StoreMI Technology

- 3 Year Warranty"
XFX Radeon RX 7900 XTX Merc 310 Black Speedster RX-79XMERCB9 24GB GDDR6 384-bit PCI-E 4.0 Desktop Graphics Card,In stock with Wootware,"R28,099.00","R23,999.00",GPUs,https://www.wootware.co.za/media/catalog/product/cache/1/image/512x512/9df78eab33525d08d6e5fb8d27136e95/x/f/xfx_7900xtx_card_box-nwqgruhs.jpg,"- Base Clock: Up to 1855 MHz

- Game Clock: Up to 2455 MHz

- Boost Clock: Up to 2615 MHz

- Stream Processors: 6144

- Infinity Cache: 96MB

- Memory: 24GB GDDR6

- Memory Clock: 20Gbps

- AMD RDNA 3 Architecture

- 5nm GPU

- PCI-E Gen 4.0

- 3x DisplayPort 2.1, 1x HDMI 2.1

- Radeon FreeSync Technology

- Radeon VR Ready Premium

- XFX Ghost Thermal

- Vapor Chamber Design

- Premium Quality Backplate

- Triple Fan Cooler

- 2 Year Warranty"
Mushkin MKNSSDPE512GB-D8 Pilot-E 512B 3D TLC NVMe M.2 2280 PCIe 3.0 x4 Solid State Drive,In stock with Wootware,"R1,449.00",R899.00,SSDs,https://www.wootware.co.za/media/catalog/product/cache/1/image/512x512/9df78eab33525d08d6e5fb8d27136e95/p/i/pilot_e_500gb_mknssdpe500gb_d8_f-t3kwdths.jpg,"- 512GB Storage Capacity

- M.2 2280 Form Factor

- PCIe Gen3 x4 NVMe 1.3 Interface

- Up to 3500 MB/s Sequential Read Speed

- Up to 2300 MB/s Sequential Write Speed

- 4KB Random Read: Up to 344,000 IOPS

- 4KB Random Write: Up to 343,000 IOPS

- Flash Memory: 3D TLC NAND

- Silicon Motion SM2262EN Controller

- NVMe Deallocate Function Supported

- High-Reliability 3D TLC NAND Flash

- SLC Caching Accelerates Burst Performance

- MTBF: Up to 1,500,00 Hours

- 3 Year Limited Warranty or 300TBW"
Standard 1.2m Kettle cord power cable with 3-prong SA plug,In stock with Wootware,R129.00,R79.00,Other,https://www.wootware.co.za/media/catalog/product/cache/1/image/512x512/9df78eab33525d08d6e5fb8d27136e95/C/B/CB-POWER.jpg,Standard 1.2m Kettle cord power cable with 3-prong SA plug
Sennheiser EPOS GSP 301 Multi-Platform Black/White Wired Gaming Headset,In stock with Wootware,"R1,599.00","R1,099.00",Peripherals,https://www.wootware.co.za/media/catalog/product/cache/1/image/512x512/9df78eab33525d08d6e5fb8d27136e95/s/e/senn-epos-gsp-301-01.jpg,"- Colour: Black with White Accents

- Multi-Platform Support

- Impedance: 19Ω

- Speaker Frequency Response: 15 - 26,000 Hz

- Microphone Frequency Response: 10 - 15,000 Hz

- Leatherette Earpad Material

- Noise Cancelling Mic

- Circum-aural Ear Coupling

- Lightweight Over-Ear Design

- 2 Year Warranty"
ZOTAC GAMING GeForce RTX 4090 RTX 4090 Trinity ZT-D40900D-10P 24GB GDDR6X 384-Bit PCIe 4.0 Desktop Graphics Card,In stock with Wootware,"R37,999.00","R34,999.00",GPUs,https://www.wootware.co.za/media/catalog/product/cache/1/image/512x512/9df78eab33525d08d6e5fb8d27136e95/z/t/zt-d40900d-10p_1_.jpg,"- Base Clock: 2230MHz

- Boost Clock: 2520MHz

- CUDA Cores: 16384

- 3rd Gen Ray Tracing Cores

- 4th Gen Tensor Cores

- NVIDIA Optical Flow Accelerator Technology

- Memory: 24GB GDDR6X

- Memory Clock: 21Gbps

- NVIDIA Ada Lovelace Architecture (Ada)

- Real-Time Ray Tracing Technology

- NVIDIA DLSS 3.0 Super Resolution AI Rendering Technology

- PCIe 5.0 12VHPWR Ready

- 3x DisplayPort 1.4a, 1x HDMI 2.1

- Multi-Display Capability: 4 Displays

- Maximum Digital Resolution: 7680x4320 @ 60Hz

- NVIDIA GeForce Game Ready & Studio Drivers

- NVIDIA G-Sync Premium

- NVIDIA Reflex

- NVIDIA Broadcast

- NVIDIA AV1 Encoder

- NVIDIA Omniverse 3D Design

- NVIDIA Canvas

- ZOTAC SPECTRA 2.0 RGB Lighting

- IceStorm 3.0 Advanced Cooling

- AIR Optimised Design

- Metal RGB LED Backplate

- ZOTAC FireStorm Utility

- 3 Year Warranty"
Fractal Design FD-C-TOR1A-04 Torrent Light Tempered Glass Black RGB Steel ATX Mid Tower Desktop Chassis,Stock Coming Soon,"R4,949.00","R3,879.00",Chassis,https://www.wootware.co.za/media/catalog/product/cache/1/image/512x512/9df78eab33525d08d6e5fb8d27136e95/f/d/fd_torrent_light_tempered_glass_black_rgb_01-8zh4nugs.jpg,"- Top-Tier Airflow Design

- Steel Chassis

- Light Tempered Glass Panel

- Full-Tower Form Factor

- Colour: Black RGB

- Supports E-ATX, ATX, Micro-ATX & Mini-ITX, SSI-EEB, SSI-CEB Motherboards

- 2x Dedicated 3.5"" (included), 4x Dedicated 2.5"" (included) Drive Bays Supported

- 1x USB 3.1 Gen 2 Type-C, 2x USB 3.0 Type-A

- HD Audio I/O, Power Button, Reset Button

- Radiator Maximum Supported Length: Up to 420mm (Front & Bottom)

- CPU Cooler Clearance: 188mm

- Maximum GPU Length: Up to 423mm (461mm w/o front fan)

- Extra-Thick Radiator Support

- Top Mounted Aerodynamic PSU Shroud

- Expansive Base Intakes & Extra-Large Bottom Fan Support

- 2x Fractal Design Prisma AL-18 Fans

- 3x Fractal Design Prisma AL-14 PWM Fans

- Pre-Installed Nexus 9P Slim PWM Fan Hub

- Tool-less Push-to-Lock Side Panels

- 2 Year Warranty"
Corsair CMH32GX4M2D3600C18W Vengeance RGB Pro SL 32GB (2x16GB) DDR4-3600MHz CL18 1.35V White Desktop Memory,In stock with Wootware,"R2,649.00","R2,349.00",Memory,https://www.wootware.co.za/media/catalog/product/cache/1/image/512x512/9df78eab33525d08d6e5fb8d27136e95/-/c/-cmh16gx4m2e3200c16w-gallery-vengeance-rgb-pro-sl-white-15-_2__1.jpg,"- 32GB (2x16GB)

- DDR4-3600MHz

- 1.35V

- CL18

- 288-pin DIMM

- Intel eXtreme Memory Profile 2.0

- Dual Channel Kit

- Height: 44mm

- CORSAIR iCUE Software

- Optimized for AMD Ryzen

- 10 Individually Addressable RGB LEDs per Module

- Aluminium Heat-Spreader

- Limited Lifetime Warranty"
MSI Vigor GK30 RGB Wired White Gaming Keyboard and Clutch GM11 Gaming Mouse Combo,In stock with Wootware,R999.00,R679.00,Peripherals,https://www.wootware.co.za/media/catalog/product/cache/1/image/512x512/9df78eab33525d08d6e5fb8d27136e95/m/s/msi_vigor_gk30_rgb_wired_white_combo_01-ex6mqngs.jpg,"- Vigor GK30 Keyboard & Mouse Combo

- RGB Mystic Light

- Includes Vigor GK30 Keyboard

- Mechanical-like Plunger Switches

- Water Repellent Keyboard Design

- Includes Clutch GM11 Mouse

- Symmetrical Mouse Design

- PMW-3325 Optical Sensor

- 5-level DPI Sensor with 5 Different Colours

- Colour: White

- 2 Year Warranty"
ID-Cooling TF-12025-ARGB-TRIO TF120 120mm ARGB Case Fan - 3-Pack,In stock with Wootware,R759.00,R499.00,Case Fans,https://www.wootware.co.za/media/catalog/product/cache/1/image/512x512/9df78eab33525d08d6e5fb8d27136e95/2/0/20220114111227_11413-8uwkjths.jpg,"- 120mm Case Fan Triple Pack

- Colour: Black

- Airflow: 68.2 CFM Max

- Air Pressure: 1.87 mmH2O Max

- Rotational Speed: 500 - 1500 RPM

- 30.5 dB(A) Max Noise Level

- 4-Pin PWM Connector

- Double Noise Reduction Fan

- Unique Fan Blade Design

- Addressable RGB

- 3 Year Warranty"
Fractal Design FD-P-IA2G-650 Ion Gold 650W 80 Plus Gold Certified Fully Modular Black Desktop Power Supply,In stock with Wootware,"R2,329.00","R1,599.00",PSUs,https://www.wootware.co.za/media/catalog/product/cache/1/image/512x512/9df78eab33525d08d6e5fb8d27136e95/f/r/fractal-design-ion-gold-650w-fully-mod-01.jpg,"- 650W Maximum Power

- 80 Plus Gold Certified

- Quality Components Consistently Deliver Tight Voltage Regulation

- 140mm Fractal Design Dynamic Fan

- DC-DC Design For Precise Electrical Output

- Premium 105° Japanese Capacitor(s)

- ErP 2013 Standby Efficiency

- Fully Modular Design

- Low Noise & Ripple

- 100,000 Hours (MTBF) Life Expectancy

- OVP, UVP, OPP, SCP, OCP, OTP

- 7 Year Warranty

- Includes South African Power Cable"
Fractal Design FD-C-TOR1A-03 Torrent Clear Tempered Glass White Steel ATX Mid Tower Desktop Chassis,Stock Coming Soon,"R4,199.00","R3,299.00",Chassis,https://www.wootware.co.za/media/catalog/product/cache/1/image/512x512/9df78eab33525d08d6e5fb8d27136e95/f/d/fd-torrent-ctgwt-01.jpg,"- Top-Tier Airflow Design

- Steel Chassis

- Clear Tempered Glass Panel

- Full-Tower Form Factor

- Colour: White

- Supports E-ATX, ATX, Micro-ATX & Mini-ITX, SSI-EEB, SSI-CEB Motherboards

- 2x Dedicated 3.5"" (included), 4x Dedicated 2.5"" (included) Drive Bays Supported

- 1x USB 3.1 Gen 2 Type-C, 2x USB 3.0 Type-A

- HD Audio I/O, Power Button, Reset Button

- Radiator Maximum Supported Length: Up to 420mm (Front & Bottom)

- CPU Cooler Clearance: 188mm

- Maximum GPU Length: Up to 423mm (461mm w/o front fan)

- Extra-Thick Radiator Support

- Top Mounted Aerodynamic PSU Shroud

- Expansive Base Intakes & Exxtra-Large Bottom Fan Support

- 2x Dynamic X2 GP-18 Fans Included

- 3x Dynamic X2 GP-14 Fan Included

- Pre-Installed Nexus 9P Slim PWM Fan Hub

- Tool-less Push-to-Lock Side Panels

- 2 Year Warranty"
G.Skill F5-5600J3636C16GX2-TZ5S Trident Z5 32GB (2x16GB) DDR5-5600MHz CL36 1.20V Silver Desktop Memory,In stock with Wootware,"R3,459.00","R3,139.00",Memory,https://www.wootware.co.za/media/catalog/product/cache/1/image/512x512/9df78eab33525d08d6e5fb8d27136e95/1/6/163581974211-peapjkgs_1_2.jpg,"- 32GB (2x16GB)

- DDR5-5600MHz

- 1.2V

- CL36

- 288-pin DIMM

- Intel eXtreme Memory Profile 3.0

- Dual Channel Kit

- Extreme Performance DDR5

-  Hand screened IC's

- Optimised for Intel Z690 and 12th Gen CPU's

- Limited Lifetime Warranty

View the Qualified Vendors List for this product Here"
Logitech 981-000757 G332 Black & Red Stereo Wired Gaming Headset,In stock with Wootware,R879.00,R599.00,Peripherals,https://www.wootware.co.za/media/catalog/product/cache/1/image/512x512/9df78eab33525d08d6e5fb8d27136e95/l/o/logitech_g332_1.jpg,"- Colour: Black/Red

- 50mm Drivers

- Headphone Impedance: 39 Ohm

- Unidirectional Mic Pickup Pattern

- 6mm Flip-To-Mute Mic

- Multi-Platform Support

- Lightweight Design

- Built For Comfort & Endurance

- 2 Year Warranty"
Microsoft ESD-2019-PROJ STD Project 2019 Standard Edition - Electronic Software Distribution,In stock with Supplier,"R13,749.00","R12,999.00",Other,https://www.wootware.co.za/media/catalog/product/cache/1/image/512x512/9df78eab33525d08d6e5fb8d27136e95/p/r/project-standard-20195bbde584ac08f.jpg,"- Microsoft Project 2019 Standard Edition

- Includes 1x Software License

- Built-In Templates for Project Management

- Close Integration With Power BI

- Resource, Task and Time Management"
G.Skill F5-6000J3636F16GX2-TZ5NR Trident Z5 NEO RGB 32GB (2x16GB) DDR5-6000MHz CL36 1.35V AMD EXPO Black Desktop Memory,In stock with Wootware,"R3,939.00","R3,579.00",Memory,https://www.wootware.co.za/media/catalog/product/cache/1/image/512x512/9df78eab33525d08d6e5fb8d27136e95/d/u/dual-3.jpg,"- 32GB (2x16GB)

- DDR5-6000MHz

- 1.35V

- CL36

- 288-pin DIMM

- AMD EXPO Memory OC Profile

- Dual Channel Kit

- Extreme Performance DDR5

-  Hand screened IC's

- Customizable RGB lighting support

- Optimised for AMD X670E and 7000 Series CPU's

- Limited Lifetime Warranty

View the Qualified Vendors List for this product Here"
Fractal Design FD-F-AS1-1201 Aspect 12 120mm Black Case Fan,Stock Coming Soon,R269.00,R189.00,Case Fans,https://www.wootware.co.za/media/catalog/product/cache/1/image/512x512/9df78eab33525d08d6e5fb8d27136e95/f/d/fd-aspect-12-black-01_1.jpg,"- 120mm

- Colour: Black

- Airflow: Up to 32 CFM

- Air Pressure: Up to 1.20 mmH2O

- Rotational Speed: 1200 RPM

- 18.3 dB(A) Noise Level

- 3-Pin Connector

- Rifle Bearing Bearing

- Aerodynamic Stator Struts

- Trip Wire Technology for Enhanced Blade Efficiency

- Combines Aesthetic Design & Reliable Performance

- Supports Chaining to Simplify Cable Management

- 2 Year Warranty"
Logitech 910-005471 G502 HERO 25k High Performance Black Wired Gaming Mouse,In stock with Wootware,"R1,499.00",R949.00,Peripherals,https://www.wootware.co.za/media/catalog/product/cache/1/image/512x512/9df78eab33525d08d6e5fb8d27136e95/9/1/910-005471-02.jpg,"- Logitech Hero 25K Sensor

- 1ms Report Rate

- 100 - 25,000 DPI

- Max Speed: > 400 IPS

- Max Acceleration: >40G

- 32-bit ARM Microprocessor

- Zero Smoothing, Acceleration, Filtering

- On-Board Memory Profiles

- 11 Fully Programmable Buttons

- Dual-mode Hyper-Fast Scroll Wheel

- Mechanical Switches

- 2 Year Warranty"
G.Skill F5-5200S3838A16GX1-RS Ripjaws 16GB (1x16GB) DDR5-5200MHz CL38 1.10V SO-DIMM Notebook Memory,In stock with Wootware,"R1,669.00","R1,499.00",Memory,https://www.wootware.co.za/media/catalog/product/cache/1/image/512x512/9df78eab33525d08d6e5fb8d27136e95/1/6/165181848810-xex8oehs.jpg,"- 16GB (1x16GB)

- DDR5-5200MHz

- 1.10V

- CL38

- 262-pin DIMM

- Single Channel Kit

- Compatible with Notebooks / Mini PC (DDR5)

- Limited Lifetime Warranty"
Zotac GeForce RTX 3060 Ti Gaming GDDR6X Twin Edge White Edition ZT-A30620J-10P ​8GB 256-bit PCIe 4.0 Desktop Graphics Card,In stock with Wootware,"R9,999.00","R8,799.00",GPUs,https://www.wootware.co.za/media/catalog/product/cache/1/image/512x512/9df78eab33525d08d6e5fb8d27136e95/z/t/zt_a30620j_10p_image_01-k6ijzyhs.jpg,"- Enhanced NVIDIA RTX 3060 Ti Performance

- Premium GDDR6X Memory Offers 35% Higher Memory Bandwidth

- Base Clock: 1410 MHz

- Boost Clock: 1665 MHz

- CUDA Cores: 4864

- Memory: 8GB GDDR6X

- Memory Clock: 19Gbps

- 3x DisplayPort 1.4a, 1x HDMI 2.1

- NVIDIA Ampere Architecture

- Real-Time Ray Tracing Technology

- NVIDIA DLSS Ground-breaking AI Rendering Technology

- 2nd Gen Ray Tracing Cores

- 3rd Gen Tensor Cores

- Zotac IceStorm 2.0 Advanced Cooling

- Metal Wraparound Backplate

- Active Fan Control

- Zotac FireStorm Utility

- 3 Year Warranty"
Intel BX8071513600KF Core i5-13600KF 14-Core 5.10GHz Raptor Lake Socket LGA1700 Desktop CPU - Cooler Not Included,In stock with Wootware,"R7,099.00","R6,349.00",CPUs,https://www.wootware.co.za/media/catalog/product/cache/1/image/512x512/9df78eab33525d08d6e5fb8d27136e95/i/n/intel-13-i5kf-01.jpg,"- Intel's Latest Hybrid Architecture on Intel 7 Process

- 6 P-Cores, 8 E-Cores

- 14 Cores, 20 Threads

- 24MB Smart Cache (20MB L2)

- P-Core Max Turbo Clock: Up to 5.10GHz

- E-Core Max Turbo Clock: Up to 3.90GHz

- P-Core Base Clock: 3.50GHz

- E-Core Base Clock: 2.60GHz

- Socket LGA 1700 Compatible

- Intel Stock Cooler Not Included

- Base Power: 125W

- Turbo Power: Up to 181W

- 3 Year Warranty"
Phanteks PH-CBRS_FL22 Flat Line 22cm PCI-E 3.0 x16 Vertical GPU Riser Cable,In stock with Wootware,R499.00,R469.00,Other,https://www.wootware.co.za/media/catalog/product/cache/1/image/512x512/9df78eab33525d08d6e5fb8d27136e95/p/h/ph-cbrs-fl22-1.jpg,"- Phanteks Flat Line Riser Cable

- PCI-E 3.0 x16 Compatibility

- Colour: Black

- Length: 220mm

- Adapter Angle: 90°

- EMI Shielding Cover

- High Quality Solder Points and Gold-Plated Contacts

- High Speed Data Transmission Cable

- 2 Year Limited Warranty"
DeepCool FK120-BKNPF1-G-1 FK120 120mm Fluid Dynamic Bearing Black Case Fan,In stock with Wootware,R269.00,R199.00,Case Fans,https://www.wootware.co.za/media/catalog/product/cache/1/image/512x512/9df78eab33525d08d6e5fb8d27136e95/f/k/fk120_1_.jpg,"- Single 120mm Black Case Fan

- Fluid Dynamic Bearing

- Narrow Frame Bezel

- 4-Pin PWM Connector

- Fan Speed: 500 - 1850 RPM ±10%

- Fan Static Pressure: Up to 2.19mmH2O

- Fan Noise: ≤ 28 dBA

- Fan Airflow: 68.99 CFM

- Colour: Black

- 2 Year Warranty"
ASUS PRIME B660M-K D4 Intel B660 Alder Lake LGA 1700 Micro-ATX Desktop Motherboard,In stock with Wootware,"R2,699.00","R1,899.00",Motherboards,https://www.wootware.co.za/media/catalog/product/cache/1/image/512x512/9df78eab33525d08d6e5fb8d27136e95/b/6/b660mkd401_2.jpg,"- Micro-ATX Form Factor

- Intel B660 Chipset

- LGA 1700 Socket

- 2x DIMM Slots , Supports Up to 64GB

- Supports Up to: DDR4 5333(OC)

- 1x PCIe 4.0/3.0 x16 Slot, 2x PCIe 3.0 x1 Slots

- 4x SATA 6Gbps Ports, 2x M.2 M-Key Slot

- 4x USB 3.2 Gen 1 ports Type-A, 2x USB 2.0 ports Type-A

- 1x HDMI, 1x D-Sub Port, 3x Audio Jacks

- Realtek 7.1 HD Audio CODEC

- 1x Realtek 1Gb Ethernet Port

- ASUS 5X PROTECTION III

- ASUS Q-Design

- ASUS Lighting Control

- 3 Year Warranty"
Phanteks PH-EC400ATG_BK01 Eclipse P400A Tempered Glass Satin Black Steel ATX Mid Tower Desktop Chassis,In stock with Wootware,"R2,179.00","R1,499.00",Chassis,https://www.wootware.co.za/media/catalog/product/cache/1/image/512x512/9df78eab33525d08d6e5fb8d27136e95/p/4/p400a-black_1_.jpg,"- ""Recommended"" - Winner of PC Perspective's Gold Award

- Full-Metal Mesh Front Panel

- Powder Coated Steel Chassis

- Tempered Glass Side Panel

- Mid Tower Form Factor

- Colour: Black

- Supports E-ATX (Up to 272mm Wide*), ATX, Micro-ATX, Mini-ITX Motherboards

- 2x 3.5"", 2x 2.5"" Drive Bays Supported

- 2x USB 3.0 Type-A

- Fan Speed, Power & Reset Buttons

- Headphone & Mic Jacks

- Radiator Max. Supported Length: Up to 360mm (Front)

- CPU Cooler Clearance: 160mm

- Maximum GPU Length: Up to 420mm*

- Includes 2x 3.5"" HDD Brackets

- Includes 2x 2.5"" SSD Brackets

- Includes Fan Controller

- Includes 2x 120mm Black Phanteks Fans

- Ultra-Fine Performance Mesh Captures Dust Particles

- Uncompromised Airflow

- Magnetic Dust Cover (Top)

- 5 Year Warranty"
ASUS 90MB1CN0-M0EAY0 ROG STRIX Z790-A Gaming WIFI D4 Intel Z790 Raptor Lake LGA 1700 ATX DDR4 Desktop Motherboard,In stock with Wootware,"R9,607.00","R8,099.00",Motherboards,https://www.wootware.co.za/media/catalog/product/cache/1/image/512x512/9df78eab33525d08d6e5fb8d27136e95/1/0/10-alwagphs.jpg,"- ATX Form Factor

- Intel Z790 Chipset

- Intel Socket LGA 1700

- 4x DDR4 DIMM Slots, Supports up to 128GB

- Supports up to DDR4-5333MHz(OC)

- 1x PCIe 5.0 x16 Slot, 2x PCIe 4.0 x16 Slots (Support x4 Mode), 1x PCIe 3.0 x1 Slot

- Total Supports 4x M.2 Slots & 4x SATA 6Gb/s Ports

- 1x USB 3.2 Gen 2x2 Type-C Port

- 2x USB 3.2 Gen 2 Type-A Ports, 1x USB 3.2 Gen 2 Type-C Ports, 4x USB 3.2 Gen 1 Type-A Ports, 2x USB 2.0 Type-A Ports

- 1x Intel 2.5Gb Ethernet

- Intel Wi-Fi 6E Adapter

- ROG SupremeFX ALC4080 With Savitech SV3H712 AMP

- 16+1 Power Stages Rated for 70A Per Stage

- ProCool II Power Connectors

- PCIe Slot Q-Release

- Massive VRM Heatsinks & Integrated I/O Cover

- AI Overclocking

- ASUS-exclusive Aura Sync RGB Lighting

- DIY Friendly Design

- Pre-mounted I/O Shield

- 3 Year Warranty"
Phanteks PH-F120M25_DRGB_PWM_BK01 M25-120 D-RGB 120mm Black Case Fan,Stock Coming Soon,R389.00,R269.00,Case Fans,https://www.wootware.co.za/media/catalog/product/cache/1/image/512x512/9df78eab33525d08d6e5fb8d27136e95/m/2/m25_120_drgb_black_10-oyq6xshs.jpg,"- 120mm Case Fan

- Colour: Black

- Airflow: 84.26 CFM Max

- Air Pressure: 2.67 mmH2O Max

- Rotational Speed: 500 - 2000 RPM

- 35.7 dB(A) Max Noise Level

- 4-Pin PWM Connector

- Optimised To Perform The Best With Fine Mesh/Dust Filters

- Clean Cable Management With Daisy-Chain Cables

- Excellent Low Noise Performance

- Addressable RGB

- 5 Year Warranty"
G.Skill F5-5600J3636C16GX2-TZ5K Trident Z5 32GB (2x16GB) DDR5-5600MHz CL36 1.20V Black Desktop Memory,In stock with Wootware,"R3,459.00","R3,139.00",Memory,https://www.wootware.co.za/media/catalog/product/cache/1/image/512x512/9df78eab33525d08d6e5fb8d27136e95/1/6/163581963011-nqubjkgs_3_3.jpg,"- 32GB (2x16GB)

- DDR5-5600MHz

- 1.2V

- CL36

- 288-pin DIMM

- Intel eXtreme Memory Profile 3.0

- Dual Channel Kit

- Extreme Performance DDR5

-  Hand screened IC's

- Optimised for Intel Z690 and 12th Gen CPU's

- Limited Lifetime Warranty

View the Qualified Vendors List for this product Here"
